country_name,wri,exposure,vulnerability,susceptibility,lack_of_coping_capabilities,lack_of_adaptive_capacities,year,exposure_category,wri_category,vulnerability_category,susceptibility_category
vanuatu,32.0,56.33,56.81,37.14,79.34,53.96,2011,Very High,Very High,High,High
tonga,29.08,56.04,51.9,28.94,81.8,44.97,2011,Very High,Very High,Medium,Medium
guatemala,20.88,38.42,54.35,35.36,77.83,49.87,2011,Very High,Very High,High,High
timor-leste,17.45,25.97,67.17,52.42,89.16,59.93,2011,Very High,Very High,Very High,Very High
costa rica,16.74,42.39,39.5,21.96,63.39,33.14,2011,Very High,Very High,Low,Low
el salvador,16.49,32.18,51.24,30.55,75.35,47.82,2011,Very High,Very High,Medium,Medium
nicaragua,15.74,27.64,56.94,41.23,83.0,46.59,2011,Very High,Very High,High,High
brunei darussalam,14.08,36.28,38.83,13.48,66.06,36.93,2011,Very High,Very High,Low,Very Low
afghanistan,14.06,18.45,76.19,61.09,93.94,73.55,2011,Very High,Very High,Very High,Very High
niger,14.03,18.49,75.86,69.38,89.54,68.65,2011,Very High,Very High,Very High,Very High
gambia,13.9,22.2,62.63,45.29,83.99,58.62,2011,Very High,Very High,High,High
bhutan,13.65,24.63,55.42,34.56,79.02,52.67,2011,Very High,Very High,High,High
honduras,12.1,21.81,55.5,37.61,80.03,48.85,2011,Very High,Very High,High,High
chile,11.97,31.25,38.31,21.86,55.89,37.19,2011,Very High,Very High,Low,Low
mauritius,11.91,29.59,40.24,19.57,60.08,41.08,2011,Very High,Very High,Low,Low
senegal,11.76,18.7,62.9,49.02,81.99,57.68,2011,Very High,Very High,High,High
burkina faso,11.58,16.92,68.46,56.92,86.37,62.09,2011,High,Very High,Very High,Very High
burundi,11.56,16.09,71.82,63.88,90.68,60.89,2011,High,Very High,Very High,Very High
mali,11.51,16.59,69.35,54.74,85.45,67.85,2011,High,Very High,Very High,Very High
haiti,11.45,15.95,71.77,64.03,89.46,61.83,2011,High,Very High,Very High,Very High
sierra leone,11.25,15.31,73.5,64.79,89.09,66.62,2011,High,Very High,Very High,Very High
vietnam,11.21,22.02,50.89,30.82,78.88,42.97,2011,Very High,Very High,Medium,Medium
japan,11.13,39.57,28.13,16.3,36.66,31.44,2011,Very High,High,Very Low,Very Low
benin,10.9,16.2,67.24,54.87,84.9,61.94,2011,High,High,Very High,Very High
togo,10.4,14.98,69.45,58.26,87.49,62.59,2011,High,High,Very High,Very High
guinea,9.49,13.35,71.13,58.49,92.13,62.79,2011,Medium,High,Very High,Very High
ghana,9.35,15.67,59.66,48.25,77.1,53.63,2011,High,High,High,High
suriname,9.25,19.52,47.4,28.84,73.82,39.53,2011,Very High,High,Medium,Medium
sudan,9.25,13.71,67.44,51.62,90.9,59.8,2011,Medium,High,Very High,Very High
liberia,9.2,12.71,72.33,67.59,86.37,63.02,2011,Medium,High,Very High,Very High
nigeria,9.03,13.41,67.37,54.94,86.93,60.24,2011,Medium,High,Very High,Very High
guyana,9.02,17.85,50.55,29.57,76.9,45.18,2011,High,High,Medium,Medium
malawi,8.99,13.73,65.48,56.63,86.05,53.76,2011,Medium,High,Very High,Very High
ecuador,8.69,18.13,47.97,27.63,76.94,39.35,2011,Very High,High,Medium,Medium
myanmar,8.54,14.47,59.02,41.67,79.75,55.62,2011,High,High,High,High
angola,8.02,12.88,62.28,53.64,82.84,50.35,2011,Medium,High,High,Very High
samoa,7.88,14.95,52.69,30.49,79.85,47.73,2011,High,High,Medium,Medium
lesotho,7.86,12.46,63.12,52.04,83.46,53.86,2011,Medium,High,High,Very High
sri lanka,7.84,15.05,52.14,29.49,81.02,45.91,2011,High,High,Medium,Medium
pakistan,7.84,12.27,63.84,40.33,86.61,64.58,2011,Medium,High,Very High,High
panama,7.7,17.27,44.56,30.57,67.17,35.94,2011,High,Medium,Low,Medium
uganda,7.57,11.68,64.87,54.8,86.94,52.86,2011,Low,Medium,Very High,Very High
peru,7.24,15.08,47.99,31.75,74.86,37.36,2011,High,Medium,Medium,Medium
eritrea,7.22,9.9,72.88,67.17,87.68,63.79,2011,Low,Medium,Very High,Very High
turkmenistan,6.95,13.77,50.44,21.64,79.27,50.43,2011,Medium,Medium,Medium,Low
thailand,6.86,14.84,46.25,22.44,76.23,40.1,2011,High,Medium,Medium,Low
malaysia,6.69,15.59,42.88,20.12,69.45,39.06,2011,High,Medium,Low,Low
namibia,6.63,11.76,56.41,48.32,75.21,45.69,2011,Low,Medium,High,High
china,6.36,12.89,49.3,31.44,73.62,42.85,2011,Medium,Medium,Medium,Medium
nepal,6.15,9.97,61.69,50.72,81.84,52.52,2011,Low,Medium,High,Very High
venezuela,6.11,13.42,45.57,23.82,74.43,38.46,2011,Medium,Medium,Medium,Medium
belize,5.93,12.59,47.14,28.61,69.04,43.78,2011,Medium,Medium,Medium,Medium
laos,5.8,9.7,59.78,47.38,84.77,47.2,2011,Very Low,Low,High,High
iran,5.11,10.4,49.07,21.48,80.01,45.73,2011,Low,Low,Medium,Low
bahamas,4.52,11.08,40.81,15.89,65.39,41.15,2011,Low,Low,Low,Very Low
paraguay,4.12,7.68,53.63,34.37,81.99,44.51,2011,Very Low,Low,High,High
uruguay,3.94,10.84,36.35,21.19,50.74,37.13,2011,Low,Low,Low,Low
kuwait,3.71,8.96,41.35,12.68,65.33,46.04,2011,Very Low,Low,Low,Very Low
portugal,3.62,11.02,32.85,17.34,49.78,31.43,2011,Low,Low,Very Low,Low
ukraine,3.02,7.2,41.91,21.49,62.05,42.2,2011,Very Low,Very Low,Low,Low
belarus,2.98,8.03,37.15,17.19,58.07,36.19,2011,Very Low,Very Low,Low,Low
oman,2.8,6.41,43.6,21.08,60.82,48.91,2011,Very Low,Very Low,Low,Low
israel,2.6,7.13,36.44,18.4,56.2,34.73,2011,Very Low,Very Low,Low,Low
barbados,2.44,6.87,35.54,15.76,50.34,40.52,2011,Very Low,Very Low,Very Low,Very Low
grenada,2.29,4.9,46.71,26.14,68.7,45.29,2011,Very Low,Very Low,Medium,Medium
kiribati,1.88,3.31,56.87,41.52,83.54,45.56,2011,Very Low,Very Low,High,High
bahrain,1.66,4.03,41.27,15.74,61.07,47.01,2011,Very Low,Very Low,Low,Very Low
malta,0.72,2.15,33.34,15.21,50.13,34.67,2011,Very Low,Very Low,Very Low,Very Low
vanuatu,36.43,63.66,57.23,34.66,81.27,55.77,2013,Very High,Very High,High,High
tonga,28.23,55.27,51.07,27.72,80.56,44.94,2013,Very High,Very High,Medium,Medium
guatemala,20.88,36.3,57.53,38.57,80.8,53.21,2013,Very High,Very High,High,High
costa rica,16.94,42.61,39.75,21.58,64.1,33.58,2013,Very High,Very High,Low,Low
el salvador,16.85,32.6,51.69,29.5,75.69,49.88,2013,Very High,Very High,Medium,Medium
timor-leste,16.37,25.73,63.61,52.16,79.36,59.31,2013,Very High,Very High,Very High,Very High
brunei darussalam,15.8,41.1,38.44,14.48,64.69,36.15,2013,Very High,Very High,Low,Very Low
mauritius,15.18,37.35,40.64,18.96,60.61,42.35,2013,Very High,Very High,Low,Low
nicaragua,14.89,27.23,54.69,37.09,81.32,45.65,2013,Very High,Very High,High,High
japan,14.1,45.91,30.71,16.84,40.08,35.22,2013,Very High,Very High,Very Low,Low
vietnam,12.81,25.35,50.53,28.08,76.71,46.8,2013,Very High,Very High,Medium,Medium
chile,12.28,30.95,39.66,20.71,58.65,39.63,2013,Very High,Very High,Low,Low
haiti,11.88,16.26,73.05,61.64,89.63,67.88,2013,High,Very High,Very High,Very High
gambia,11.71,19.29,60.69,42.31,82.39,57.38,2013,Very High,Very High,High,High
guyana,11.65,22.9,50.87,28.69,79.37,44.54,2013,Very High,Very High,Medium,Medium
niger,11.62,15.87,73.21,61.26,86.62,71.76,2013,High,Very High,Very High,Very High
benin,11.32,17.06,66.34,53.29,82.2,63.54,2013,High,Very High,Very High,Very High
senegal,10.99,17.57,62.55,46.54,81.29,59.83,2013,Very High,Very High,High,High
honduras,10.91,20.01,54.51,35.59,81.8,46.15,2013,Very High,Very High,High,High
burundi,10.46,15.13,69.17,62.5,88.06,56.94,2013,High,Very High,Very High,Very High
sierra leone,10.37,14.65,70.75,60.68,85.73,65.82,2013,High,High,Very High,Very High
togo,10.34,15.56,66.49,52.49,85.01,61.96,2013,High,High,Very High,Very High
afghanistan,9.93,13.17,75.41,56.67,93.44,76.11,2013,Medium,High,Very High,Very High
burkina faso,9.72,14.32,67.86,55.6,83.53,64.44,2013,High,High,Very High,Very High
myanmar,9.1,14.87,61.22,36.65,89.11,57.89,2013,High,High,High,High
ghana,8.81,14.48,60.79,46.65,77.58,58.15,2013,High,High,High,High
mali,8.65,12.55,68.9,55.8,81.66,69.25,2013,Medium,High,Very High,Very High
guinea,8.32,12.03,69.2,54.33,89.39,63.88,2013,Medium,High,Very High,Very High
nigeria,8.32,12.06,68.99,56.22,87.67,63.07,2013,Medium,High,Very High,Very High
malawi,8.02,12.34,65.0,55.76,83.07,56.17,2013,Medium,High,Very High,Very High
bhutan,7.98,14.81,53.89,32.41,75.44,53.82,2013,High,High,High,High
sudan,7.87,11.86,66.4,51.33,92.42,55.45,2013,Medium,High,Very High,Very High
ecuador,7.77,16.15,48.14,27.0,74.72,42.69,2013,High,High,Medium,Medium
liberia,7.71,10.96,70.31,64.05,83.59,63.28,2013,Low,High,Very High,Very High
sri lanka,7.67,14.79,51.83,27.33,78.7,49.46,2013,High,High,Medium,Medium
panama,7.49,16.45,45.5,27.97,67.15,41.37,2013,High,High,Low,Medium
pakistan,7.21,11.36,63.45,37.69,86.72,65.94,2013,Low,Medium,High,High
lesotho,7.09,11.4,62.24,50.97,79.35,56.39,2013,Low,Medium,High,Very High
peru,7.08,14.4,49.17,29.48,73.97,44.06,2013,High,Medium,Medium,Medium
china,6.91,14.43,47.87,27.93,70.03,45.64,2013,High,Medium,Medium,Medium
uganda,6.69,10.16,65.82,56.38,87.0,54.09,2013,Low,Medium,Very High,Very High
belize,6.62,13.31,49.7,28.1,74.23,46.76,2013,Medium,Medium,Medium,Medium
turkmenistan,6.57,13.19,49.83,25.98,75.8,47.71,2013,Medium,Medium,Medium,Medium
angola,6.48,10.18,63.68,54.2,84.73,52.12,2013,Low,Medium,Very High,Very High
malaysia,6.45,14.6,44.18,20.6,68.35,43.57,2013,High,Medium,Low,Low
eritrea,6.35,8.55,74.23,62.68,87.44,72.57,2013,Very Low,Medium,Very High,Very High
thailand,6.34,13.7,46.26,20.71,75.53,42.53,2013,Medium,Medium,Medium,Low
venezuela,6.16,13.15,46.85,23.5,74.84,42.22,2013,Medium,Medium,Medium,Medium
laos,5.71,9.55,59.86,42.29,86.17,51.13,2013,Low,Medium,High,High
namibia,5.68,10.41,54.56,45.84,71.12,46.72,2013,Low,Low,High,High
nepal,5.53,9.16,60.43,43.56,81.51,56.23,2013,Low,Low,High,High
botswana,5.37,10.55,50.83,36.38,67.56,48.55,2013,Low,Low,Medium,High
iran,4.92,10.19,48.25,18.4,79.08,47.26,2013,Low,Low,Medium,Low
samoa,4.51,9.1,49.58,27.77,73.12,47.84,2013,Very Low,Low,Medium,Medium
uruguay,4.09,11.1,36.84,20.57,50.87,39.09,2013,Low,Low,Low,Low
bahamas,3.99,10.71,37.26,16.79,53.28,41.73,2013,Low,Low,Low,Low
paraguay,3.85,7.03,54.71,35.02,78.72,50.4,2013,Very Low,Low,High,High
portugal,3.8,10.93,34.77,17.27,48.51,38.52,2013,Low,Low,Very Low,Low
kuwait,3.7,9.04,40.9,12.48,66.1,44.13,2013,Very Low,Low,Low,Very Low
ukraine,3.14,7.5,41.92,19.21,61.55,45.0,2013,Very Low,Very Low,Low,Low
oman,2.74,6.41,42.68,17.52,63.74,46.78,2013,Very Low,Very Low,Low,Low
israel,2.49,6.41,38.89,18.61,59.87,38.19,2013,Very Low,Very Low,Low,Low
bahrain,1.81,4.27,42.37,13.91,64.81,48.39,2013,Very Low,Very Low,Low,Very Low
kiribati,1.78,3.05,58.48,42.9,82.49,50.06,2013,Very Low,Very Low,High,High
grenada,1.44,3.13,46.18,24.76,69.12,44.65,2013,Very Low,Very Low,Medium,Medium
barbados,1.16,3.46,33.4,15.2,49.91,35.1,2013,Very Low,Very Low,Very Low,Very Low
malta,0.61,1.65,37.01,14.36,53.13,43.55,2013,Very Low,Very Low,Low,Very Low
vanuatu,36.72,63.66,57.68,35.69,81.16,56.2,2015,Very High,Very High,High,High
tonga,28.45,55.27,51.47,28.78,81.8,43.82,2015,Very High,Very High,Medium,Medium
guatemala,20.1,36.3,55.36,34.52,80.08,51.48,2015,Very High,Very High,High,High
costa rica,17.17,42.61,40.29,21.6,64.34,34.94,2015,Very High,Very High,Low,Medium
el salvador,16.8,32.6,51.53,29.83,74.9,49.85,2015,Very High,Very High,Medium,High
timor-leste,16.23,25.73,63.09,51.31,81.46,56.48,2015,Very High,Very High,High,Very High
brunei darussalam,16.15,41.1,39.28,17.76,63.28,36.8,2015,Very High,Very High,Low,Low
mauritius,14.66,37.35,39.25,18.24,61.53,37.98,2015,Very High,Very High,Low,Low
nicaragua,14.63,27.23,53.75,37.03,80.37,43.85,2015,Very High,Very High,High,High
japan,13.35,45.91,29.08,17.64,37.88,31.72,2015,Very High,Very High,Very Low,Low
vietnam,12.89,25.35,50.87,25.9,76.73,49.98,2015,Very High,Very High,Medium,Medium
gambia,12.11,19.29,62.81,44.57,83.21,60.65,2015,Very High,Very High,High,High
haiti,11.93,16.26,73.36,61.67,90.76,67.64,2015,High,Very High,Very High,Very High
guyana,11.61,22.9,50.7,28.97,78.83,44.31,2015,Very High,Very High,Medium,Medium
niger,11.41,15.87,71.87,59.04,86.35,70.2,2015,High,Very High,Very High,Very High
benin,11.41,17.06,66.84,53.97,81.44,65.11,2015,High,Very High,Very High,Very High
chile,11.2,30.95,36.19,19.69,58.03,30.84,2015,Very High,Very High,Low,Low
senegal,10.89,17.57,62.0,46.77,80.33,58.9,2015,Very High,Very High,High,High
honduras,10.7,20.01,53.5,35.1,81.39,44.0,2015,Very High,Very High,High,High
togo,10.59,15.56,68.1,57.97,85.28,61.04,2015,High,Very High,Very High,Very High
burundi,10.59,15.13,70.03,63.29,87.75,59.04,2015,High,Very High,Very High,Very High
sierra leone,10.5,14.65,71.67,57.32,85.63,72.05,2015,High,Very High,Very High,Very High
afghanistan,9.55,13.17,72.49,55.77,92.36,69.33,2015,Medium,High,Very High,Very High
burkina faso,9.48,14.32,66.17,54.03,83.83,60.65,2015,High,High,Very High,Very High
myanmar,9.01,14.87,60.6,34.85,87.15,59.8,2015,High,High,High,High
mali,8.75,12.55,69.69,54.29,84.34,70.44,2015,Medium,High,Very High,Very High
ghana,8.65,14.48,59.72,44.52,77.48,57.15,2015,High,High,High,High
guinea,8.5,12.03,70.63,52.72,89.32,69.86,2015,Medium,High,Very High,Very High
malawi,8.27,12.34,66.98,60.43,84.03,56.49,2015,Medium,High,Very High,Very High
nigeria,8.12,12.06,67.39,53.26,87.42,61.51,2015,Medium,High,Very High,Very High
sudan,8.02,11.86,67.61,51.38,92.89,58.56,2015,Medium,High,Very High,Very High
liberia,7.89,10.96,71.97,62.32,84.67,68.91,2015,Low,High,Very High,Very High
bhutan,7.71,14.81,52.07,30.35,74.19,51.68,2015,High,High,High,High
ecuador,7.44,16.15,46.07,27.99,73.97,36.25,2015,High,High,Medium,Medium
sri lanka,7.37,14.79,49.86,25.33,78.23,46.03,2015,High,High,Medium,Medium
panama,7.3,16.45,44.35,27.05,67.18,38.82,2015,High,Medium,Medium,Medium
pakistan,7.03,11.36,61.91,36.71,86.5,62.51,2015,Low,Medium,High,High
lesotho,6.97,11.4,61.17,48.5,78.36,56.65,2015,Low,Medium,High,Very High
turkmenistan,6.9,13.19,52.31,27.03,75.96,53.94,2015,Medium,Medium,High,Medium
peru,6.82,14.4,47.38,28.05,73.38,40.69,2015,High,Medium,Medium,Medium
china,6.8,14.43,47.1,25.27,70.57,45.46,2015,High,Medium,Medium,Medium
uganda,6.63,10.16,65.26,54.32,87.57,53.9,2015,Low,Medium,Very High,Very High
angola,6.62,10.18,65.0,48.86,85.84,60.31,2015,Low,Medium,Very High,Very High
belize,6.6,13.31,49.6,27.77,74.19,46.83,2015,Medium,Medium,Medium,Medium
malaysia,6.44,14.6,44.1,19.1,67.13,46.07,2015,High,Medium,Low,Low
thailand,6.38,13.7,46.55,19.63,75.14,44.89,2015,Medium,Medium,Medium,Low
eritrea,6.23,8.55,72.91,61.59,89.21,67.93,2015,Very Low,Medium,Very High,Very High
venezuela,5.89,13.15,44.8,23.48,74.73,36.18,2015,Medium,Medium,Medium,Medium
laos,5.67,9.55,59.38,39.52,84.33,54.3,2015,Low,Medium,High,High
namibia,5.59,10.41,53.71,45.8,71.0,44.32,2015,Low,Medium,High,High
botswana,5.43,10.55,51.48,36.35,67.64,50.44,2015,Low,Low,Medium,High
nepal,5.23,9.16,57.09,40.97,80.69,49.62,2015,Very Low,Low,High,High
iran,4.83,10.19,47.44,19.8,80.66,41.87,2015,Low,Low,Medium,Low
bahamas,4.21,10.71,39.36,18.84,53.32,45.93,2015,Low,Low,Low,Low
uruguay,3.93,11.1,35.41,20.26,50.71,35.27,2015,Low,Low,Low,Low
paraguay,3.65,7.03,51.97,28.74,78.8,48.37,2015,Very Low,Low,High,Medium
portugal,3.56,10.93,32.56,17.57,47.73,32.37,2015,Low,Low,Very Low,Low
kuwait,3.26,9.04,36.01,11.58,63.86,32.58,2015,Very Low,Very Low,Low,Very Low
ukraine,3.09,7.5,41.14,18.66,61.15,43.61,2015,Very Low,Very Low,Low,Low
oman,2.75,6.41,42.82,15.71,63.7,49.05,2015,Very Low,Very Low,Low,Very Low
israel,2.39,6.41,37.26,19.54,58.92,33.31,2015,Very Low,Very Low,Low,Low
bahrain,1.76,4.27,41.21,12.88,66.69,44.07,2015,Very Low,Very Low,Low,Very Low
kiribati,1.73,3.05,56.68,41.19,83.69,45.17,2015,Very Low,Very Low,High,High
grenada,1.44,3.13,46.23,24.7,69.15,44.82,2015,Very Low,Very Low,Medium,Medium
barbados,1.22,3.46,35.27,17.06,50.69,38.07,2015,Very Low,Very Low,Low,Very Low
malta,0.62,1.65,37.76,15.25,59.94,38.08,2015,Very Low,Very Low,Low,Very Low
vanuatu,36.5,63.66,57.34,36.4,81.16,54.45,2014,Very High,Very High,High,High
philippines,28.25,52.46,53.85,33.35,80.03,48.17,2014,Very High,Very High,High,High
tonga,28.23,55.27,51.08,29.15,81.8,42.28,2014,Very High,Very High,Medium,Medium
guatemala,20.68,36.3,56.98,37.92,80.84,52.19,2014,Very High,Very High,High,High
bangladesh,19.37,31.7,61.1,40.28,86.05,56.96,2014,Very High,Very High,High,High
solomon islands,19.18,29.98,63.98,45.37,85.44,61.12,2014,Very High,Very High,Very High,High
costa rica,17.33,42.61,40.68,22.98,64.61,34.46,2014,Very High,Very High,Low,Medium
el salvador,17.12,32.6,52.52,32.1,75.35,50.13,2014,Very High,Very High,High,High
cambodia,17.12,27.65,61.9,41.99,86.96,56.74,2014,Very High,Very High,High,High
papua new guinea,16.74,24.94,67.15,56.06,84.22,61.16,2014,Very High,Very High,Very High,Very High
timor-leste,16.41,25.73,63.76,54.16,81.1,56.02,2014,Very High,Very High,High,Very High
brunei darussalam,16.23,41.1,39.48,17.97,63.08,37.4,2014,Very High,Very High,Low,Low
nicaragua,14.87,27.23,54.63,37.79,81.7,44.41,2014,Very High,Very High,High,High
mauritius,14.78,37.35,39.56,18.94,61.68,38.07,2014,Very High,Very High,Low,Low
fiji,13.65,27.71,49.28,25.33,75.43,47.08,2014,Very High,Very High,Medium,Medium
japan,13.38,45.91,29.14,17.55,38.28,31.58,2014,Very High,Very High,Very Low,Low
gambia,12.23,19.29,63.39,46.54,83.19,60.45,2014,Very High,Very High,High,High
jamaica,12.2,25.82,47.27,27.07,72.17,42.57,2014,Very High,Very High,Medium,Medium
haiti,12.0,16.26,73.79,62.24,91.04,68.08,2014,High,Very High,Very High,Very High
guyana,11.81,22.9,51.56,29.02,79.47,46.18,2014,Very High,Very High,Medium,Medium
dominican republic,11.5,23.14,49.69,29.75,74.44,44.89,2014,Very High,Very High,Medium,Medium
niger,11.45,15.87,72.12,61.03,86.79,68.54,2014,High,Very High,Very High,Very High
benin,11.42,17.06,66.89,52.91,82.07,65.71,2014,High,Very High,Very High,Very High
chile,11.3,30.95,36.53,20.22,58.54,30.82,2014,Very High,Very High,Low,Low
chad,11.28,14.89,75.72,64.19,91.88,71.08,2014,High,Very High,Very High,Very High
cameroon,11.2,18.19,61.59,43.57,85.27,55.92,2014,Very High,Very High,High,High
madagascar,11.2,16.03,69.86,65.81,83.63,60.14,2014,High,Very High,Very High,Very High
senegal,10.96,17.57,62.4,47.42,80.53,59.26,2014,Very High,Very High,High,High
honduras,10.8,20.01,53.99,35.23,82.14,44.61,2014,Very High,Very High,High,High
burundi,10.59,15.13,70.0,63.79,87.62,58.6,2014,High,Very High,Very High,Very High
sierra leone,10.57,14.65,72.1,58.33,86.11,71.84,2014,High,Very High,Very High,Very High
indonesia,10.55,19.36,54.48,32.06,80.98,50.4,2014,Very High,Very High,High,High
togo,10.47,15.56,67.31,54.37,85.28,62.27,2014,High,High,Very High,Very High
albania,10.17,21.25,47.87,21.65,74.75,47.23,2014,Very High,High,Medium,Low
zimbabwe,10.01,14.96,66.92,57.27,89.19,54.3,2014,High,High,Very High,Very High
djibouti,9.93,16.34,60.75,37.36,82.09,62.8,2014,High,High,High,High
afghanistan,9.71,13.17,73.73,55.93,93.37,71.89,2014,Medium,High,Very High,Very High
burkina faso,9.62,14.32,67.17,55.39,84.06,62.05,2014,High,High,Very High,Very High
myanmar,9.14,14.87,61.48,37.32,87.21,59.92,2014,High,High,High,High
mozambique,9.03,12.73,70.89,65.89,84.15,62.64,2014,Medium,High,Very High,Very High
mali,8.85,12.55,70.52,55.21,85.15,71.21,2014,Medium,High,Very High,Very High
ghana,8.77,14.48,60.56,45.17,77.63,58.88,2014,High,High,High,High
uzbekistan,8.67,16.18,53.61,30.79,78.42,51.62,2014,High,High,High,High
guinea,8.53,12.03,70.94,54.04,89.29,69.51,2014,Medium,High,Very High,Very High
suriname,8.42,18.12,46.48,28.21,70.96,40.27,2014,Very High,High,Medium,Medium
kyrgyzstan,8.33,16.63,50.1,27.35,77.09,45.87,2014,High,High,Medium,Medium
netherlands,8.25,30.57,26.98,14.84,42.15,23.96,2014,Very High,High,Very Low,Very Low
nigeria,8.24,12.06,68.33,54.63,88.06,62.29,2014,Medium,High,Very High,Very High
malawi,8.21,12.34,66.53,60.68,83.14,55.78,2014,Medium,High,Very High,Very High
mauritania,8.17,12.47,65.51,49.35,85.95,61.23,2014,Medium,High,Very High,Very High
sudan,8.08,11.86,68.15,52.44,93.05,58.96,2014,Medium,High,Very High,Very High
liberia,7.9,10.96,72.03,63.36,84.6,68.11,2014,Low,High,Very High,Very High
bhutan,7.83,14.81,52.86,30.74,74.8,53.03,2014,High,High,High,High
algeria,7.63,15.82,48.24,22.93,77.02,44.76,2014,High,High,Medium,Medium
ecuador,7.63,16.15,47.23,29.83,73.76,38.09,2014,High,High,Medium,Medium
zambia,7.61,11.37,66.95,62.78,80.3,57.76,2014,Low,High,Very High,Very High
ethiopia,7.57,11.12,68.12,57.73,80.24,66.38,2014,Low,High,Very High,Very High
congo,7.53,11.65,64.66,55.69,86.16,52.11,2014,Medium,High,Very High,Very High
trinidad and tobago,7.49,17.54,42.74,19.66,68.76,39.8,2014,Very High,High,Low,Low
comoros,7.44,10.97,67.82,59.09,84.13,60.23,2014,Low,High,Very High,Very High
sri lanka,7.43,14.79,50.26,25.65,78.52,46.6,2014,High,High,Medium,Medium
panama,7.41,16.45,45.03,27.92,67.87,39.3,2014,High,High,Medium,Medium
rwanda,7.3,11.98,60.9,54.57,79.15,48.99,2014,Medium,Medium,High,Very High
tajikistan,7.17,12.98,55.22,34.76,76.82,54.08,2014,Medium,Medium,High,High
greece,7.1,21.11,33.62,17.76,51.21,31.89,2014,Very High,Medium,Very Low,Low
pakistan,7.07,11.36,62.24,36.89,86.71,63.14,2014,Low,Medium,High,High
india,7.04,11.94,58.91,38.72,80.31,57.71,2014,Medium,Medium,High,High
lesotho,7.03,11.4,61.65,49.66,78.5,56.8,2014,Low,Medium,High,Very High
kenya,7.0,10.69,65.54,55.32,85.62,55.68,2014,Low,Medium,Very High,Very High
serbia,6.91,18.05,38.3,18.47,66.17,30.27,2014,Very High,Medium,Low,Low
peru,6.91,14.4,48.0,29.57,73.28,41.16,2014,High,Medium,Medium,Medium
china,6.9,14.43,47.79,27.57,70.03,45.77,2014,High,Medium,Medium,Medium
colombia,6.83,13.84,49.34,28.82,75.11,44.07,2014,Medium,Medium,Medium,Medium
morocco,6.8,13.25,51.34,27.92,75.71,50.4,2014,Medium,Medium,Medium,Medium
georgia,6.8,14.69,46.3,28.19,64.81,45.91,2014,High,Medium,Medium,Medium
central african republic,6.78,9.39,72.22,61.54,89.14,65.99,2014,Low,Medium,Very High,Very High
turkmenistan,6.76,13.19,51.24,27.83,75.68,50.21,2014,Medium,Medium,Medium,Medium
uganda,6.69,10.16,65.9,56.05,87.68,53.95,2014,Low,Medium,Very High,Very High
angola,6.67,10.18,65.51,50.26,84.89,61.37,2014,Low,Medium,Very High,Very High
belize,6.59,13.31,49.52,28.18,74.23,46.14,2014,Medium,Medium,Medium,Medium
romania,6.55,15.77,41.52,22.12,61.36,41.08,2014,High,Medium,Low,Medium
malaysia,6.51,14.6,44.6,19.65,67.56,46.59,2014,High,Medium,Medium,Low
cuba,6.42,17.45,36.79,19.62,57.2,33.56,2014,High,Medium,Low,Low
thailand,6.38,13.7,46.61,19.87,75.46,44.5,2014,Medium,Medium,Medium,Low
mexico,6.27,13.84,45.27,23.99,72.16,39.65,2014,Medium,Medium,Medium,Medium
gabon,6.26,11.95,52.41,33.51,74.53,49.18,2014,Medium,Medium,High,High
eritrea,6.26,8.55,73.18,61.7,88.67,69.18,2014,Very Low,Medium,Very High,Very High
armenia,6.21,14.51,42.78,21.24,71.09,36.02,2014,High,Medium,Low,Low
bosnia and herzegovina,6.2,14.02,44.26,20.63,69.64,42.51,2014,High,Medium,Low,Low
yemen,6.07,9.04,67.18,45.77,91.03,64.74,2014,Very Low,Medium,Very High,High
azerbaijan,6.04,13.16,45.9,22.39,70.36,44.96,2014,Medium,Medium,Medium,Medium
venezuela,5.85,13.15,44.48,23.64,74.24,35.56,2014,Medium,Medium,Low,Medium
namibia,5.61,10.41,53.92,45.7,71.02,45.04,2014,Low,Medium,High,High
tunisia,5.47,12.45,43.96,21.02,72.51,38.36,2014,Medium,Low,Low,Low
hungary,5.46,15.61,34.96,16.76,53.27,34.86,2014,High,Low,Very Low,Very Low
botswana,5.45,10.55,51.62,37.03,67.31,50.52,2014,Low,Low,Medium,High
south africa,5.38,12.08,44.55,30.38,69.58,33.69,2014,Medium,Low,Low,Medium
turkey,5.34,12.25,43.59,20.54,67.57,42.67,2014,Medium,Low,Low,Low
nepal,5.29,9.16,57.73,42.42,80.38,50.4,2014,Very Low,Low,High,High
bolivia,5.04,8.98,56.14,40.91,80.19,47.33,2014,Very Low,Low,High,High
lebanon,5.01,11.14,44.94,20.21,70.0,44.61,2014,Low,Low,Medium,Low
iran,4.88,10.19,47.92,20.05,81.58,42.13,2014,Low,Low,Medium,Low
iraq,4.84,8.08,59.82,30.06,89.3,60.1,2014,Very Low,Low,High,Medium
jordan,4.75,10.53,45.09,22.03,68.79,44.44,2014,Low,Low,Medium,Medium
equatorial guinea,4.71,8.22,57.28,30.19,85.09,56.58,2014,Very Low,Low,High,Medium
ireland,4.52,14.74,30.64,16.05,46.57,29.31,2014,High,Low,Very Low,Very Low
italy,4.48,13.85,32.36,17.27,54.41,25.39,2014,Medium,Low,Very Low,Low
brazil,4.3,9.53,45.09,25.53,66.6,43.15,2014,Low,Low,Medium,Medium
croatia,4.28,11.53,37.13,18.18,55.97,37.24,2014,Low,Low,Low,Low
bulgaria,4.21,11.66,36.08,17.57,56.56,34.1,2014,Medium,Low,Low,Low
new zealand,4.2,15.44,27.22,16.74,43.79,21.13,2014,High,Low,Very Low,Very Low
bahamas,4.19,10.71,39.09,19.06,53.43,44.8,2014,Low,Low,Low,Low
uruguay,4.0,11.1,36.05,21.56,50.8,35.78,2014,Low,Low,Low,Low
australia,3.93,15.05,26.1,15.05,42.29,20.96,2014,High,Low,Very Low,Very Low
united states,3.88,12.25,31.67,16.47,48.57,29.98,2014,Medium,Low,Very Low,Very Low
russia,3.85,9.38,41.05,21.59,58.8,42.76,2014,Low,Low,Low,Low
kazakhstan,3.74,9.11,41.09,18.0,63.57,41.72,2014,Very Low,Low,Low,Low
paraguay,3.74,7.03,53.18,32.32,79.12,48.1,2014,Very Low,Low,High,High
argentina,3.68,9.55,38.55,21.04,59.72,34.9,2014,Low,Low,Low,Low
slovenia,3.64,11.59,31.42,16.02,51.15,27.08,2014,Medium,Low,Very Low,Very Low
portugal,3.61,10.93,33.01,17.91,48.38,32.73,2014,Low,Low,Very Low,Low
austria,3.58,13.6,26.31,14.36,37.61,26.95,2014,Medium,Low,Very Low,Very Low
slovakia,3.57,10.21,34.92,14.53,55.66,34.57,2014,Low,Low,Very Low,Very Low
united kingdom,3.54,11.6,30.49,16.57,47.08,27.82,2014,Medium,Low,Very Low,Very Low
czech republic,3.46,10.82,32.02,15.07,50.87,30.12,2014,Low,Very Low,Very Low,Very Low
latvia,3.45,9.26,37.3,21.12,55.19,35.57,2014,Low,Very Low,Low,Low
belgium,3.41,11.66,29.23,15.59,42.38,29.7,2014,Medium,Very Low,Very Low,Very Low
kuwait,3.34,9.04,36.98,11.53,66.24,33.17,2014,Very Low,Very Low,Low,Very Low
poland,3.28,9.79,33.51,17.67,53.16,29.68,2014,Low,Very Low,Very Low,Low
spain,3.2,10.23,31.27,16.08,52.0,25.74,2014,Low,Very Low,Very Low,Very Low
canada,3.14,10.25,30.61,15.19,46.45,30.19,2014,Low,Very Low,Very Low,Very Low
belarus,3.12,8.46,36.89,16.87,61.69,32.12,2014,Very Low,Very Low,Low,Very Low
ukraine,3.11,7.5,41.42,19.1,61.15,44.02,2014,Very Low,Very Low,Low,Low
lithuania,3.01,8.88,33.91,18.58,49.36,33.78,2014,Very Low,Very Low,Very Low,Low
germany,3.01,11.41,26.37,15.41,37.73,25.97,2014,Low,Very Low,Very Low,Very Low
mongolia,3.0,6.52,46.07,31.05,64.67,42.47,2014,Very Low,Very Low,Medium,High
denmark,2.93,10.87,27.0,15.08,39.49,26.42,2014,Low,Very Low,Very Low,Very Low
cyprus,2.76,7.44,37.13,14.85,58.05,38.48,2014,Very Low,Very Low,Low,Very Low
oman,2.74,6.41,42.75,15.98,63.51,48.76,2014,Very Low,Very Low,Low,Very Low
france,2.69,9.25,29.08,16.13,43.29,27.83,2014,Very Low,Very Low,Very Low,Very Low
luxembourg,2.52,9.12,27.66,12.87,41.44,28.67,2014,Very Low,Very Low,Very Low,Very Low
seychelles,2.51,5.99,41.86,22.44,63.2,39.93,2014,Very Low,Very Low,Low,Medium
switzerland,2.48,9.56,25.98,14.93,37.92,25.1,2014,Low,Very Low,Very Low,Very Low
estonia,2.43,7.23,33.57,18.67,51.15,30.89,2014,Very Low,Very Low,Very Low,Low
israel,2.38,6.41,37.2,19.15,58.93,33.52,2014,Very Low,Very Low,Low,Low
norway,2.31,8.58,26.86,14.41,40.05,26.13,2014,Very Low,Very Low,Very Low,Very Low
egypt,2.29,4.72,48.56,21.34,77.86,46.48,2014,Very Low,Very Low,Medium,Low
singapore,2.25,7.82,28.78,14.41,49.2,22.73,2014,Very Low,Very Low,Very Low,Very Low
finland,2.24,8.19,27.38,15.6,39.39,27.17,2014,Very Low,Very Low,Very Low,Very Low
sweden,2.19,7.97,27.49,15.39,40.9,26.18,2014,Very Low,Very Low,Very Low,Very Low
united arab emirates,1.91,5.93,32.27,10.47,56.51,29.84,2014,Very Low,Very Low,Very Low,Very Low
bahrain,1.78,4.27,41.56,13.04,66.57,45.07,2014,Very Low,Very Low,Low,Very Low
kiribati,1.72,3.05,56.45,42.31,83.69,43.36,2014,Very Low,Very Low,High,High
iceland,1.56,5.67,27.46,15.0,43.15,24.21,2014,Very Low,Very Low,Very Low,Very Low
grenada,1.44,3.13,46.15,24.99,69.03,44.43,2014,Very Low,Very Low,Medium,Medium
barbados,1.21,3.46,34.95,16.85,50.36,37.63,2014,Very Low,Very Low,Very Low,Very Low
saudi arabia,1.17,2.93,39.82,15.19,70.05,34.22,2014,Very Low,Very Low,Low,Very Low
malta,0.62,1.65,37.67,15.28,59.58,38.16,2014,Very Low,Very Low,Low,Very Low
qatar,0.08,0.28,30.3,8.97,44.76,37.16,2014,Very Low,Very Low,Very Low,Very Low
vanuatu,47.73,82.55,57.82,39.66,81.21,52.59,2021,Very High,Very High,High,High
tonga,30.51,63.63,47.95,28.42,79.81,35.62,2021,Very High,Very High,Medium,High
dominica,27.42,61.74,44.41,23.42,71.13,38.67,2021,Very High,Very High,Medium,Medium
brunei darussalam,22.77,58.17,39.14,15.33,68.13,33.96,2021,Very High,Very High,Low,Very Low
guyana,21.83,43.93,49.69,25.96,77.23,45.88,2021,Very High,Very High,High,Medium
guatemala,20.23,36.79,54.98,32.55,85.66,46.72,2021,Very High,Very High,High,High
costa rica,17.06,44.27,38.54,19.96,65.33,30.34,2021,Very High,Very High,Low,Low
timor-leste,15.75,28.27,55.73,41.83,75.72,49.64,2021,Very High,Very High,High,High
el salvador,15.32,31.62,48.46,24.31,78.66,42.41,2021,Very High,Very High,High,Medium
kiribati,15.14,26.41,57.34,39.67,82.82,49.52,2021,Very High,Very High,High,High
haiti,14.54,21.41,67.91,49.93,90.36,63.44,2021,Very High,Very High,Very High,Very High
nicaragua,14.12,26.02,54.25,32.27,83.29,47.19,2021,Very High,Very High,High,High
niger,13.9,19.27,72.15,61.72,87.91,66.83,2021,High,Very High,Very High,Very High
nigeria,12.66,19.64,64.46,49.7,88.58,55.1,2021,High,Very High,Very High,Very High
uruguay,12.53,35.97,34.83,19.22,54.25,31.01,2021,Very High,Very High,Low,Low
gambia,12.4,19.75,62.78,43.58,83.02,61.73,2021,High,Very High,Very High,High
benin,11.71,17.92,65.33,54.09,81.42,60.49,2021,High,Very High,Very High,Very High
chile,11.32,32.51,34.83,17.79,59.44,27.25,2021,Very High,Very High,Low,Low
honduras,11.23,20.66,54.35,31.62,85.74,45.68,2021,Very High,Very High,High,High
burkina faso,11.19,16.59,67.48,57.08,84.39,60.98,2021,High,Very High,Very High,Very High
togo,10.99,16.6,66.23,55.77,86.14,56.79,2021,High,Very High,Very High,Very High
mali,10.71,15.61,68.64,49.75,88.6,67.58,2021,High,High,Very High,Very High
burundi,10.42,14.88,70.02,62.29,90.43,57.34,2021,High,High,Very High,Very High
angola,10.28,15.61,65.86,52.89,86.89,57.8,2021,High,High,Very High,Very High
vietnam,10.27,22.04,46.6,23.73,76.73,39.34,2021,Very High,High,Medium,Medium
senegal,9.79,16.5,59.31,44.64,77.87,55.42,2021,High,High,High,High
japan,9.66,38.51,25.09,17.92,39.42,17.94,2021,Very High,High,Very Low,Low
sierra leone,9.4,13.65,68.87,55.15,85.39,66.07,2021,Medium,High,Very High,Very High
ghana,9.32,16.38,56.88,41.6,78.75,50.29,2021,High,High,High,High
mauritius,9.04,23.85,37.92,17.39,58.21,38.17,2021,Very High,High,Low,Low
malawi,8.94,13.35,66.98,59.46,84.68,56.79,2021,Medium,High,Very High,Very High
liberia,8.92,13.48,66.17,55.63,87.16,55.73,2021,Medium,High,Very High,Very High
ecuador,8.82,18.75,47.05,24.96,76.45,39.74,2021,High,High,Medium,Medium
guinea,8.65,12.7,68.08,51.87,89.08,63.29,2021,Medium,High,Very High,Very High
uganda,8.64,12.88,67.07,61.54,88.05,51.63,2021,Medium,High,Very High,Very High
sudan,8.47,13.13,64.49,44.93,92.3,56.25,2021,Medium,High,Very High,Very High
afghanistan,8.18,12.27,66.63,48.57,91.4,59.93,2021,Medium,High,Very High,Very High
belize,8.03,16.73,47.97,28.2,74.46,41.26,2021,High,High,Medium,High
venezuela,7.99,16.02,49.86,25.75,86.35,37.47,2021,High,High,High,Medium
eswatini,7.85,13.54,57.98,42.35,82.62,48.98,2021,Medium,High,High,High
panama,7.76,17.74,43.74,23.03,73.03,35.15,2021,High,High,Medium,Medium
malaysia,7.73,19.09,40.49,17.05,71.19,33.22,2021,High,High,Low,Low
sri lanka,7.55,15.99,47.19,23.05,76.35,42.17,2021,High,Medium,Medium,Medium
myanmar,7.25,12.92,56.11,29.42,86.27,52.64,2021,Medium,Medium,High,High
eritrea,6.87,9.66,71.09,63.28,89.71,60.29,2021,Low,Medium,Very High,Very High
pakistan,6.8,11.95,56.88,33.57,84.71,52.37,2021,Low,Medium,High,High
montenegro,6.75,17.8,37.92,18.57,68.2,26.99,2021,High,Medium,Low,Low
peru,6.75,14.92,45.26,26.29,76.22,33.27,2021,High,Medium,Medium,Medium
lesotho,6.66,11.1,59.98,43.97,81.5,54.47,2021,Low,Medium,High,High
thailand,6.52,14.79,44.06,17.62,78.65,35.91,2021,Medium,Medium,Medium,Low
china,5.87,14.29,41.08,21.64,71.42,30.17,2021,Medium,Medium,Low,Medium
namibia,5.86,11.3,51.89,42.89,74.11,38.66,2021,Low,Medium,High,High
turkmenistan,5.85,12.25,47.72,27.99,76.76,38.42,2021,Medium,Medium,Medium,Medium
samoa,5.54,11.46,48.32,25.56,79.83,39.56,2021,Low,Low,Medium,Medium
iran,5.03,10.9,46.15,21.67,82.62,34.17,2021,Low,Low,Medium,Medium
nepal,4.66,8.51,54.76,32.9,83.28,48.1,2021,Very Low,Low,High,High
laos,4.46,8.01,55.64,32.86,82.91,51.14,2021,Very Low,Low,High,High
kuwait,4.32,11.9,36.28,14.12,70.09,24.64,2021,Low,Low,Low,Very Low
bahamas,4.27,11.63,36.74,17.68,58.92,33.63,2021,Low,Low,Low,Low
botswana,3.94,8.23,47.86,32.44,71.83,39.3,2021,Very Low,Low,Medium,High
paraguay,3.56,7.43,47.98,24.11,79.92,39.9,2021,Very Low,Low,Medium,Medium
portugal,3.52,11.6,30.38,16.6,51.49,23.04,2021,Low,Low,Very Low,Very Low
bhutan,3.25,6.9,47.12,23.72,72.44,45.21,2021,Very Low,Very Low,Medium,Medium
bahrain,2.93,7.33,39.94,15.31,76.81,27.71,2021,Very Low,Very Low,Low,Very Low
israel,2.81,8.45,33.3,18.51,58.57,22.83,2021,Very Low,Very Low,Very Low,Low
ukraine,2.72,6.92,39.36,18.83,68.43,30.81,2021,Very Low,Very Low,Low,Low
belarus,2.64,8.0,32.96,16.68,56.36,25.84,2021,Very Low,Very Low,Very Low,Very Low
oman,2.54,6.04,42.02,23.68,66.65,35.73,2021,Very Low,Very Low,Low,Medium
barbados,1.37,3.61,37.96,20.66,60.11,33.12,2021,Very Low,Very Low,Low,Low
grenada,1.06,2.4,43.98,26.36,69.21,36.38,2021,Very Low,Very Low,Medium,Medium
malta,0.69,2.31,29.96,15.04,54.76,20.09,2021,Very Low,Very Low,Very Low,Very Low
vanuatu,36.45,63.66,57.26,35.16,81.19,55.42,2017,Very High,Very High,High,High
tonga,28.57,55.27,51.7,28.45,81.45,45.18,2017,Very High,Very High,Medium,Medium
guatemala,20.46,36.3,56.36,36.82,80.78,51.48,2017,Very High,Very High,High,High
costa rica,17.16,42.61,40.28,21.81,64.49,34.55,2017,Very High,Very High,Low,Medium
el salvador,16.74,32.6,51.36,29.64,75.49,48.96,2017,Very High,Very High,Medium,Medium
timor-leste,16.37,25.73,63.61,52.09,82.18,56.55,2017,Very High,Very High,Very High,Very High
brunei darussalam,16.22,41.1,39.46,16.44,63.97,37.96,2017,Very High,Very High,Low,Very Low
mauritius,15.11,37.35,40.45,18.63,61.49,41.23,2017,Very High,Very High,Low,Low
nicaragua,14.88,27.23,54.64,36.8,81.35,45.76,2017,Very High,Very High,High,High
japan,13.47,45.91,29.33,17.27,38.12,32.61,2017,Very High,Very High,Very Low,Low
vietnam,12.84,25.35,50.66,27.22,76.74,48.01,2017,Very High,Very High,Medium,Medium
gambia,11.99,19.29,62.18,44.52,82.97,59.04,2017,Very High,Very High,High,High
haiti,11.89,16.26,73.11,62.01,90.62,66.71,2017,High,Very High,Very High,Very High
chile,11.74,30.95,37.93,20.25,58.34,35.2,2017,Very High,Very High,Low,Low
guyana,11.65,22.9,50.85,28.62,79.28,44.65,2017,Very High,Very High,Medium,Medium
niger,11.53,15.87,72.63,60.78,87.01,70.11,2017,High,Very High,Very High,Very High
benin,11.39,17.06,66.75,53.26,82.32,64.68,2017,High,Very High,Very High,Very High
senegal,10.86,17.57,61.82,46.71,80.95,57.8,2017,Very High,Very High,High,Very High
honduras,10.82,20.01,54.09,35.08,81.6,45.59,2017,Very High,Very High,High,High
togo,10.48,15.56,67.38,55.67,85.3,61.17,2017,High,High,Very High,Very High
burundi,10.48,15.13,69.3,62.96,88.13,56.81,2017,High,High,Very High,Very High
sierra leone,10.45,14.65,71.28,59.18,86.28,68.38,2017,High,High,Very High,Very High
afghanistan,9.69,13.17,73.61,56.21,92.82,71.81,2017,Medium,High,Very High,Very High
burkina faso,9.62,14.32,67.17,54.76,84.03,62.71,2017,High,High,Very High,Very High
myanmar,9.06,14.87,60.95,36.23,88.06,58.55,2017,High,High,High,High
ghana,8.69,14.48,60.03,45.58,77.93,56.57,2017,High,High,High,High
mali,8.68,12.55,69.14,54.91,83.66,68.87,2017,Medium,High,Very High,Very High
guinea,8.42,12.03,70.01,54.27,89.58,66.17,2017,Medium,High,Very High,Very High
nigeria,8.19,12.06,67.92,54.38,87.86,61.53,2017,Medium,High,Very High,Very High
malawi,8.13,12.34,65.88,57.68,83.92,56.05,2017,Medium,High,Very High,Very High
sudan,7.97,11.86,67.2,51.77,92.57,57.25,2017,Medium,High,Very High,Very High
bhutan,7.84,14.81,52.93,31.6,75.1,52.1,2017,High,High,High,High
liberia,7.84,10.96,71.52,63.51,84.8,66.24,2017,Low,High,Very High,Very High
ecuador,7.66,16.15,47.45,27.8,74.66,39.89,2017,High,High,Medium,Medium
sri lanka,7.52,14.79,50.83,26.15,78.8,47.54,2017,High,High,Medium,Medium
panama,7.43,16.45,45.15,27.74,67.52,40.19,2017,High,High,Medium,Medium
pakistan,7.11,11.36,62.54,37.04,86.71,63.88,2017,Low,Medium,High,High
lesotho,7.03,11.4,61.69,49.64,79.55,55.87,2017,Low,Medium,High,Very High
peru,6.91,14.4,48.02,29.05,73.84,41.18,2017,High,Medium,Medium,Medium
china,6.81,14.43,47.18,26.43,70.41,44.69,2017,High,Medium,Medium,Medium
uganda,6.66,10.16,65.53,55.81,87.67,53.1,2017,Low,Medium,Very High,Very High
turkmenistan,6.65,13.19,50.37,25.92,75.86,49.34,2017,Medium,Medium,Medium,Medium
belize,6.6,13.31,49.57,27.91,74.16,46.63,2017,Medium,Medium,Medium,Medium
angola,6.57,10.18,64.55,52.03,85.52,56.09,2017,Low,Medium,Very High,Very High
malaysia,6.47,14.6,44.27,19.85,68.17,44.8,2017,High,Medium,Low,Low
eritrea,6.32,8.55,73.98,62.71,88.31,70.92,2017,Very Low,Medium,Very High,Very High
thailand,6.12,14.38,42.53,20.63,64.65,42.32,2017,High,Medium,Low,Low
venezuela,5.99,13.15,45.56,23.35,74.79,38.55,2017,Medium,Medium,Medium,Medium
laos,5.69,9.55,59.6,40.85,84.89,53.06,2017,Low,Medium,High,High
namibia,5.59,10.41,53.75,46.04,71.05,44.16,2017,Low,Low,High,High
nepal,5.37,9.16,58.67,42.61,81.27,52.13,2017,Very Low,Low,High,High
botswana,5.32,10.55,50.4,35.53,67.72,47.94,2017,Low,Low,Medium,High
iran,4.87,10.19,47.78,19.19,80.35,43.81,2017,Low,Low,Medium,Low
bahamas,4.14,10.71,38.67,18.14,53.99,43.87,2017,Low,Low,Low,Low
uruguay,4.03,11.1,36.33,20.66,50.78,37.55,2017,Low,Low,Low,Low
paraguay,3.71,7.03,52.79,31.02,78.87,48.49,2017,Very Low,Low,High,High
portugal,3.65,10.93,33.37,17.56,48.1,34.45,2017,Low,Low,Very Low,Low
kuwait,3.46,9.04,38.24,12.02,64.93,37.77,2017,Very Low,Very Low,Low,Very Low
ukraine,3.1,7.5,41.34,19.0,61.99,43.03,2017,Very Low,Very Low,Low,Low
oman,2.72,6.41,42.37,16.44,63.53,47.14,2017,Very Low,Very Low,Low,Very Low
israel,2.4,6.41,37.42,19.08,58.65,34.54,2017,Very Low,Very Low,Low,Low
bahrain,1.77,4.27,41.41,13.28,65.68,45.28,2017,Very Low,Very Low,Low,Very Low
kiribati,1.76,3.05,57.69,42.18,83.19,47.69,2017,Very Low,Very Low,High,High
grenada,1.44,3.13,46.12,24.86,69.2,44.28,2017,Very Low,Very Low,Medium,Medium
barbados,1.21,3.46,34.99,16.53,49.96,38.49,2017,Very Low,Very Low,Very Low,Very Low
malta,0.61,1.65,37.1,15.03,57.1,39.17,2017,Very Low,Very Low,Low,Very Low
vanuatu,56.71,99.88,56.78,35.32,84.36,50.66,2019,Very High,Very High,High,High
tonga,29.39,61.41,47.86,28.19,79.92,35.47,2019,Very High,Very High,Medium,Medium
guyana,22.87,44.98,50.84,26.41,79.68,46.44,2019,Very High,Very High,High,Medium
brunei darussalam,21.68,57.62,37.62,15.26,67.14,30.45,2019,Very High,Very High,Low,Very Low
guatemala,20.69,38.56,53.65,32.19,83.96,44.8,2019,Very High,Very High,High,High
costa rica,17.37,44.92,38.67,19.15,68.84,28.03,2019,Very High,Very High,Low,Low
timor-leste,16.39,27.92,58.71,46.43,78.84,50.85,2019,Very High,Very High,High,Very High
haiti,16.34,24.18,67.56,50.37,90.28,62.03,2019,Very High,Very High,Very High,Very High
el salvador,15.11,31.87,47.43,24.44,77.65,40.19,2019,Very High,Very High,Medium,Medium
kiribati,14.64,25.52,57.37,40.53,82.56,49.02,2019,Very High,Very High,High,High
nicaragua,13.78,25.95,53.11,30.35,82.88,46.11,2019,Very High,Very High,High,High
niger,13.77,19.3,71.34,59.92,87.51,66.6,2019,High,Very High,Very High,Very High
nigeria,13.11,20.24,64.76,50.35,88.2,55.73,2019,Very High,Very High,Very High,Very High
uruguay,12.52,36.03,34.76,18.82,56.57,28.88,2019,Very High,Very High,Low,Low
chile,12.45,34.32,36.29,17.87,62.77,28.22,2019,Very High,Very High,Low,Low
benin,12.33,18.82,65.52,54.64,81.39,60.52,2019,High,Very High,Very High,Very High
gambia,12.06,19.46,61.99,42.0,83.43,60.53,2019,High,Very High,Very High,High
honduras,11.39,21.43,53.14,31.76,83.48,44.18,2019,Very High,Very High,High,High
burkina faso,11.14,16.59,67.14,55.81,83.45,62.15,2019,High,Very High,Very High,Very High
togo,10.99,16.72,65.72,55.55,86.23,55.38,2019,High,Very High,Very High,Very High
mali,10.73,15.69,68.38,50.54,87.72,66.88,2019,High,Very High,Very High,Very High
angola,10.56,15.93,66.3,52.85,88.46,57.58,2019,High,High,Very High,Very High
vietnam,10.31,22.03,46.83,25.07,77.68,37.75,2019,Very High,High,Medium,Medium
burundi,10.29,14.81,69.47,61.05,91.13,56.24,2019,High,High,Very High,Very High
senegal,9.82,16.48,59.59,44.89,79.89,53.97,2019,High,High,High,High
sierra leone,9.61,13.7,70.16,56.94,86.52,67.02,2019,Medium,High,Very High,Very High
mauritius,9.47,23.88,39.66,17.34,64.99,36.65,2019,Very High,High,Low,Low
liberia,9.46,13.57,69.69,55.96,86.26,66.86,2019,Medium,High,Very High,Very High
ghana,9.41,16.54,56.87,41.92,79.4,49.29,2019,High,High,High,High
afghanistan,9.21,13.73,67.11,49.21,92.36,59.75,2019,Medium,High,Very High,Very High
japan,9.19,38.94,23.6,16.8,39.9,14.11,2019,Very High,High,Very Low,Low
malawi,8.94,13.43,66.61,57.84,84.38,57.62,2019,Medium,High,Very High,Very High
uganda,8.71,12.85,67.81,63.19,88.75,51.49,2019,Medium,High,Very High,Very High
guinea,8.68,12.76,68.03,51.23,89.33,63.53,2019,Medium,High,Very High,Very High
sudan,8.52,13.14,64.87,46.04,92.62,55.94,2019,Medium,High,Very High,Very High
ecuador,8.48,18.29,46.37,24.88,77.77,36.46,2019,High,High,Medium,Medium
belize,8.02,17.14,46.78,27.21,74.19,38.96,2019,High,High,Medium,Medium
panama,7.7,17.73,43.44,24.19,71.81,34.32,2019,High,High,Medium,Medium
venezuela,7.68,16.25,47.25,23.59,84.96,33.2,2019,High,High,Medium,Medium
malaysia,7.61,18.73,40.63,16.75,72.63,32.52,2019,High,High,Low,Low
sri lanka,7.5,16.01,46.87,22.3,78.38,39.94,2019,High,Medium,Medium,Medium
suriname,7.36,15.29,48.17,29.24,74.11,41.16,2019,High,Medium,High,High
myanmar,7.27,12.91,56.34,32.54,86.37,50.11,2019,Medium,Medium,High,High
pakistan,7.08,12.53,56.52,33.08,84.85,51.62,2019,Medium,Medium,High,High
eritrea,6.94,9.59,72.3,66.37,89.27,61.26,2019,Very Low,Medium,Very High,Very High
lesotho,6.89,11.16,61.74,48.53,81.65,55.04,2019,Low,Medium,High,Very High
peru,6.65,14.81,44.9,25.81,77.96,30.93,2019,High,Medium,Medium,Medium
montenegro,6.62,17.8,37.18,17.49,67.97,26.06,2019,High,Medium,Low,Low
thailand,6.48,14.75,43.93,17.73,79.23,34.84,2019,High,Medium,Medium,Low
samoa,6.19,13.04,47.5,25.52,79.7,37.27,2019,Medium,Medium,Medium,Medium
china,5.84,14.41,40.52,21.86,72.67,27.05,2019,Medium,Medium,Low,Medium
namibia,5.82,11.39,51.14,41.85,73.47,38.08,2019,Low,Medium,High,High
turkmenistan,5.69,12.33,46.18,28.78,72.91,36.85,2019,Medium,Medium,Medium,High
iran,4.92,11.04,44.58,19.62,81.72,32.4,2019,Low,Low,Medium,Low
nepal,4.92,8.71,56.48,35.99,84.6,48.85,2019,Very Low,Low,High,High
laos,4.53,8.19,55.25,33.22,82.94,49.58,2019,Very Low,Low,High,High
kuwait,4.49,12.49,35.96,13.54,70.13,24.22,2019,Medium,Low,Low,Very Low
bahamas,4.31,11.85,36.36,18.31,58.71,32.05,2019,Low,Low,Low,Low
botswana,4.28,8.77,48.79,36.76,72.04,37.58,2019,Very Low,Low,High,High
portugal,3.44,11.6,29.7,16.53,52.07,20.5,2019,Low,Low,Very Low,Low
paraguay,3.32,7.05,47.11,23.56,79.18,38.58,2019,Very Low,Low,Medium,Medium
bhutan,3.31,6.89,48.03,24.51,72.93,46.65,2019,Very Low,Low,High,Medium
israel,3.24,9.51,34.02,18.59,64.42,19.03,2019,Very Low,Very Low,Low,Low
bahrain,2.89,7.32,39.51,15.26,77.04,26.24,2019,Very Low,Very Low,Low,Very Low
oman,2.74,6.74,40.63,22.51,67.72,31.66,2019,Very Low,Very Low,Low,Medium
ukraine,2.66,6.92,38.5,17.75,66.96,30.78,2019,Very Low,Very Low,Low,Low
barbados,1.35,3.67,36.86,20.58,58.31,31.68,2019,Very Low,Very Low,Low,Low
grenada,1.01,2.26,44.58,28.05,70.49,35.2,2019,Very Low,Very Low,Medium,Medium
malta,0.54,1.91,28.14,14.24,52.44,17.75,2019,Very Low,Very Low,Very Low,Very Low
vanuatu,49.74,86.77,57.32,38.81,80.73,52.42,2020,Very High,Very High,High,High
tonga,29.72,61.21,48.56,28.76,79.85,37.08,2020,Very High,Very High,High,High
dominica,28.47,62.74,45.38,26.12,71.21,38.82,2020,Very High,Very High,Medium,Medium
guyana,22.73,44.92,50.6,27.13,77.55,47.13,2020,Very High,Very High,High,Medium
brunei darussalam,22.3,57.61,38.7,14.75,67.99,33.35,2020,Very High,Very High,Low,Very Low
guatemala,20.09,36.52,55.02,33.09,85.21,46.76,2020,Very High,Very High,High,High
costa rica,17.25,43.49,39.67,20.03,68.89,30.08,2020,Very High,Very High,Low,Low
el salvador,15.33,31.69,48.39,24.67,78.05,42.44,2020,Very High,Very High,High,Medium
kiribati,14.94,26.05,57.36,39.27,82.77,50.04,2020,Very High,Very High,High,High
nicaragua,14.67,25.67,57.15,32.0,83.26,56.18,2020,Very High,Very High,High,High
timor-leste,14.67,25.85,56.74,42.33,76.49,51.41,2020,Very High,Very High,High,High
haiti,14.62,21.43,68.23,51.15,90.4,63.15,2020,Very High,Very High,Very High,Very High
niger,13.85,19.26,71.9,60.64,87.87,67.19,2020,High,Very High,Very High,Very High
nigeria,13.09,19.66,66.56,49.5,88.22,61.95,2020,High,Very High,Very High,Very High
uruguay,12.54,36.29,34.56,19.23,53.85,30.6,2020,Very High,Very High,Low,Low
gambia,12.44,19.7,63.14,43.66,83.32,62.44,2020,Very High,Very High,Very High,High
chile,12.05,33.41,36.07,17.83,62.35,28.02,2020,Very High,Very High,Low,Low
benin,11.46,17.5,65.48,55.2,81.2,60.03,2020,High,Very High,Very High,Very High
burkina faso,11.19,16.54,67.67,57.63,84.22,61.16,2020,High,Very High,Very High,Very High
honduras,11.02,20.25,54.43,32.11,84.74,46.45,2020,Very High,Very High,High,High
togo,10.97,16.59,66.11,55.74,86.34,56.25,2020,High,Very High,Very High,Very High
mali,10.76,15.68,68.65,49.9,88.7,67.34,2020,High,Very High,Very High,Very High
angola,10.4,15.74,66.1,53.29,86.8,58.21,2020,High,High,Very High,Very High
burundi,10.34,14.74,70.14,62.2,90.68,57.53,2020,High,High,Very High,Very High
vietnam,10.3,22.02,46.76,23.88,76.63,39.78,2020,Very High,High,Medium,Medium
senegal,9.74,16.51,58.97,44.37,78.09,54.45,2020,High,High,High,High
japan,9.64,38.67,24.93,17.76,39.2,17.83,2020,Very High,High,Very Low,Low
sierra leone,9.44,13.69,68.99,55.8,85.57,65.6,2020,Medium,High,Very High,Very High
liberia,9.43,13.56,69.52,56.27,87.26,65.02,2020,Medium,High,Very High,Very High
ghana,9.37,16.38,57.18,42.64,79.15,49.75,2020,High,High,High,High
mauritius,9.17,23.84,38.47,17.46,59.4,38.56,2020,Very High,High,Low,Low
malawi,8.89,13.22,67.24,59.28,84.65,57.8,2020,Medium,High,Very High,Very High
afghanistan,8.69,12.99,66.93,49.1,92.09,59.61,2020,Medium,High,Very High,Very High
uganda,8.63,12.82,67.29,62.55,87.98,51.34,2020,Medium,High,Very High,Very High
guinea,8.62,12.7,67.88,51.48,88.82,63.34,2020,Medium,High,Very High,Very High
sudan,8.45,13.13,64.39,45.14,91.82,56.21,2020,Medium,High,Very High,Very High
ecuador,8.42,17.96,46.88,25.16,75.96,39.53,2020,High,High,Medium,Medium
panama,7.96,18.03,44.13,23.85,72.25,36.29,2020,High,High,Medium,Medium
belize,7.95,16.82,47.24,27.94,73.53,40.26,2020,High,High,Medium,High
venezuela,7.88,16.12,48.9,25.5,85.94,35.27,2020,High,High,High,Medium
malaysia,7.71,19.05,40.46,16.9,70.89,33.59,2020,High,High,Low,Low
sri lanka,7.57,15.99,47.32,22.82,77.3,41.83,2020,High,Medium,Medium,Medium
myanmar,7.18,12.96,55.39,28.97,85.82,51.38,2020,Medium,Medium,High,High
montenegro,6.93,18.12,38.24,18.71,68.42,27.59,2020,High,Medium,Low,Low
eritrea,6.77,9.65,70.17,61.46,89.51,59.53,2020,Low,Medium,Very High,Very High
lesotho,6.71,11.16,60.17,44.48,81.79,54.23,2020,Low,Medium,High,High
pakistan,6.68,11.74,56.89,33.13,84.81,52.73,2020,Low,Medium,High,High
thailand,6.54,14.81,44.13,17.52,78.63,36.25,2020,High,Medium,Medium,Low
peru,6.37,14.14,45.08,26.39,76.03,32.83,2020,Medium,Medium,Medium,Medium
namibia,6.21,11.36,54.66,42.5,74.13,47.36,2020,Low,Medium,High,High
samoa,5.87,12.19,48.13,25.4,79.66,39.33,2020,Medium,Medium,High,Medium
china,5.84,14.3,40.85,20.98,72.07,29.5,2020,Medium,Medium,Low,Medium
turkmenistan,5.66,12.25,46.22,27.29,73.18,38.18,2020,Medium,Low,Medium,Medium
iran,5.03,10.96,45.85,19.78,83.24,34.53,2020,Low,Low,Medium,Low
nepal,4.77,8.62,55.28,33.7,83.34,48.81,2020,Very Low,Low,High,High
kuwait,4.48,12.43,36.01,13.04,70.36,24.63,2020,Medium,Low,Low,Very Low
laos,4.47,8.02,55.76,33.26,82.79,51.23,2020,Very Low,Low,High,High
bahamas,4.38,11.77,37.25,18.24,58.45,35.07,2020,Low,Low,Low,Low
botswana,4.2,8.82,47.59,31.46,71.97,39.35,2020,Very Low,Low,Medium,High
portugal,3.66,11.62,31.54,16.76,54.68,23.17,2020,Low,Low,Very Low,Low
paraguay,3.38,7.04,47.99,24.04,79.15,40.79,2020,Very Low,Low,Medium,Medium
bhutan,2.97,6.27,47.4,24.17,72.82,45.2,2020,Very Low,Very Low,Medium,Medium
israel,2.95,8.35,35.27,18.54,64.7,22.57,2020,Very Low,Very Low,Low,Low
bahrain,2.91,7.33,39.64,15.57,76.0,27.36,2020,Very Low,Very Low,Low,Very Low
oman,2.76,6.7,41.18,22.49,66.58,34.48,2020,Very Low,Very Low,Low,Medium
ukraine,2.75,6.91,39.76,19.65,67.43,32.19,2020,Very Low,Very Low,Low,Low
barbados,1.39,3.66,37.94,20.56,60.62,32.65,2020,Very Low,Very Low,Low,Low
grenada,0.97,2.21,43.8,26.83,68.9,35.67,2020,Very Low,Very Low,Medium,Medium
malta,0.66,2.26,29.01,14.91,51.67,20.44,2020,Very Low,Very Low,Very Low,Very Low
vanuatu,36.31,63.66,57.04,34.17,81.19,55.78,2012,Very High,Very High,High,High
tonga,28.62,55.27,51.78,27.91,81.31,46.11,2012,Very High,Very High,Medium,Medium
guatemala,20.75,36.3,57.16,37.28,81.18,53.04,2012,Very High,Very High,High,High
costa rica,17.38,42.61,40.8,21.59,65.63,35.19,2012,Very High,Very High,Low,Low
timor-leste,17.13,25.73,66.59,52.88,87.58,59.32,2012,Very High,Very High,Very High,Very High
el salvador,16.89,32.6,51.82,28.92,76.71,49.82,2012,Very High,Very High,Medium,Medium
brunei darussalam,15.92,41.1,38.72,14.57,65.66,35.94,2012,Very High,Very High,Low,Very Low
mauritius,15.39,37.35,41.21,18.99,62.04,42.6,2012,Very High,Very High,Low,Low
nicaragua,15.36,27.23,56.43,38.41,82.68,48.21,2012,Very High,Very High,High,High
japan,13.53,45.91,29.46,16.52,36.31,35.56,2012,Very High,Very High,Very Low,Very Low
vietnam,12.88,25.35,50.83,29.2,76.73,46.56,2012,Very High,Very High,Medium,Medium
chile,12.26,30.95,39.6,20.95,57.84,40.01,2012,Very High,Very High,Low,Low
haiti,11.96,16.26,73.54,62.7,90.43,67.48,2012,High,Very High,Very High,Very High
niger,11.93,15.87,75.17,64.87,88.73,71.93,2012,High,Very High,Very High,Very High
gambia,11.84,19.29,61.41,44.4,82.19,57.63,2012,Very High,Very High,High,High
guyana,11.77,22.9,51.4,29.25,79.79,45.16,2012,Very High,Very High,Medium,Medium
benin,11.42,17.06,66.93,53.91,83.88,63.0,2012,High,Very High,Very High,Very High
senegal,11.08,17.57,63.07,46.97,82.47,59.76,2012,Very High,Very High,High,High
honduras,11.02,20.01,55.09,36.19,81.68,47.4,2012,Very High,Very High,High,High
togo,10.64,15.56,68.39,56.15,86.52,62.51,2012,High,Very High,Very High,Very High
sierra leone,10.58,14.65,72.2,62.48,87.48,66.64,2012,High,High,Very High,Very High
burundi,10.49,15.13,69.32,61.99,89.53,56.44,2012,High,High,Very High,Very High
afghanistan,9.79,13.17,74.32,56.63,92.07,74.26,2012,Medium,High,Very High,Very High
burkina faso,9.74,14.32,68.0,54.81,84.86,64.32,2012,High,High,Very High,Very High
myanmar,9.15,14.87,61.57,36.7,89.82,58.18,2012,High,High,High,High
ghana,8.85,14.48,61.12,47.12,79.06,57.16,2012,High,High,High,High
mali,8.76,12.55,69.76,56.57,82.87,69.85,2012,Medium,High,Very High,Very High
suriname,8.62,18.12,47.6,30.01,73.27,39.53,2012,Very High,High,Medium,Medium
guinea,8.55,12.03,71.05,58.08,90.16,64.91,2012,Medium,High,Very High,Very High
nigeria,8.28,12.06,68.7,55.46,88.0,62.63,2012,Medium,High,Very High,Very High
malawi,8.18,12.34,66.25,56.28,85.31,57.15,2012,Medium,High,Very High,Very High
bhutan,8.17,14.81,55.14,35.06,77.31,53.05,2012,High,High,High,High
ecuador,7.94,16.15,49.19,26.8,76.93,43.85,2012,High,High,Medium,Medium
sudan,7.88,11.86,66.45,52.44,91.7,55.22,2012,Medium,High,Very High,Very High
liberia,7.86,10.96,71.74,65.11,85.88,64.22,2012,Low,High,Very High,Very High
sri lanka,7.79,14.79,52.67,28.28,80.45,49.29,2012,High,High,Medium,Medium
panama,7.69,16.45,46.74,29.46,68.89,41.86,2012,High,High,Medium,Medium
pakistan,7.25,11.36,63.86,38.84,87.39,65.35,2012,Low,Medium,Very High,High
lesotho,7.22,11.4,63.33,50.87,81.83,57.3,2012,Low,Medium,High,Very High
peru,7.18,14.4,49.84,30.81,74.93,43.77,2012,High,Medium,Medium,Medium
china,7.05,14.43,48.83,28.58,71.53,46.39,2012,High,Medium,Medium,Medium
uganda,6.75,10.16,66.43,56.61,88.11,54.59,2012,Low,Medium,Very High,Very High
belize,6.63,13.31,49.81,28.16,74.31,46.94,2012,Medium,Medium,Medium,Medium
angola,6.56,10.18,64.45,56.15,85.28,51.91,2012,Low,Medium,Very High,Very High
turkmenistan,6.55,13.19,49.65,24.02,76.23,48.71,2012,Medium,Medium,Medium,Medium
malaysia,6.53,14.6,44.74,20.87,70.3,43.04,2012,High,Medium,Low,Low
thailand,6.44,13.7,47.03,21.96,76.42,42.72,2012,Medium,Medium,Medium,Low
eritrea,6.44,8.55,75.35,66.62,86.76,72.68,2012,Very Low,Medium,Very High,Very High
venezuela,6.13,13.15,46.62,23.44,74.59,41.84,2012,Medium,Medium,Medium,Medium
laos,5.73,9.55,60.03,43.34,85.6,51.14,2012,Low,Medium,High,High
namibia,5.72,10.41,54.96,46.26,72.11,46.51,2012,Low,Low,High,High
nepal,5.69,9.16,62.19,48.06,82.74,55.76,2012,Low,Low,High,High
botswana,5.21,10.55,49.4,31.97,68.77,47.46,2012,Low,Low,Medium,Medium
iran,4.98,10.19,48.85,18.36,79.75,48.43,2012,Low,Low,Medium,Low
samoa,4.51,9.1,49.58,27.91,73.83,47.0,2012,Very Low,Low,Medium,Medium
bahamas,4.17,10.71,38.99,17.27,57.1,42.59,2012,Low,Low,Low,Low
uruguay,4.12,11.1,37.06,20.69,51.31,39.19,2012,Low,Low,Low,Low
paraguay,3.84,7.03,54.56,32.92,79.63,51.14,2012,Very Low,Low,High,High
portugal,3.82,10.93,34.99,17.15,48.8,39.01,2012,Low,Low,Very Low,Low
kuwait,3.71,9.04,41.03,13.27,65.98,43.84,2012,Very Low,Low,Low,Very Low
ukraine,3.19,7.5,42.56,19.3,63.44,44.95,2012,Very Low,Very Low,Low,Low
oman,2.72,6.41,42.48,17.6,63.19,46.65,2012,Very Low,Very Low,Low,Low
israel,2.43,6.41,37.88,18.49,56.82,38.33,2012,Very Low,Very Low,Low,Low
bahrain,1.81,4.27,42.44,13.55,64.19,49.57,2012,Very Low,Very Low,Low,Very Low
kiribati,1.78,3.05,58.32,42.22,82.43,50.31,2012,Very Low,Very Low,High,High
grenada,1.46,3.13,46.64,25.32,69.89,44.7,2012,Very Low,Very Low,Medium,Medium
barbados,1.15,3.46,33.08,15.36,48.53,35.36,2012,Very Low,Very Low,Very Low,Very Low
malta,0.61,1.65,36.81,14.29,53.52,42.62,2012,Very Low,Very Low,Very Low,Very Low
vanuatu,50.28,86.46,58.15,36.07,86.37,52.0,2018,Very High,Very High,High,High
tonga,29.42,55.92,52.61,28.93,80.06,48.82,2018,Very High,Very High,High,High
guyana,23.23,45.56,50.98,27.33,77.36,48.25,2018,Very High,Very High,High,Medium
guatemala,20.6,38.5,53.5,32.98,81.35,46.17,2018,Very High,Very High,High,High
brunei darussalam,18.82,52.71,35.71,14.8,61.5,30.83,2018,Very High,Very High,Low,Very Low
costa rica,16.56,44.27,37.41,20.42,62.19,29.61,2018,Very High,Very High,Low,Low
timor-leste,16.05,26.96,59.56,45.22,78.69,54.76,2018,Very High,Very High,High,High
el salvador,15.95,33.46,47.65,25.63,75.86,41.46,2018,Very High,Very High,Medium,Medium
kiribati,15.42,26.37,58.47,41.64,82.61,51.15,2018,Very High,Very High,High,High
mauritius,14.27,37.22,38.35,17.69,59.26,38.09,2018,Very High,Very High,Low,Low
nicaragua,13.99,26.27,53.25,31.45,80.21,48.11,2018,Very High,Very High,High,High
haiti,11.86,17.2,68.99,51.38,90.35,65.24,2018,High,Very High,Very High,Very High
sierra leone,11.49,16.23,70.8,58.67,85.7,68.02,2018,High,Very High,Very High,Very High
vietnam,11.35,24.17,46.98,25.54,75.22,40.17,2018,Very High,Very High,Medium,Medium
niger,11.34,15.48,73.23,60.69,86.5,72.52,2018,High,Very High,Very High,Very High
chile,11.15,31.84,35.02,18.7,59.01,27.37,2018,Very High,Very High,Low,Low
japan,11.08,46.55,23.81,17.6,38.39,15.43,2018,Very High,Very High,Very Low,Low
benin,11.04,16.65,66.28,55.66,80.76,62.43,2018,High,Very High,Very High,Very High
gambia,10.92,17.15,63.65,44.23,84.35,62.37,2018,High,Very High,Very High,High
senegal,10.51,17.25,60.92,46.48,79.31,56.96,2018,High,Very High,High,High
afghanistan,10.45,15.48,67.53,49.23,91.64,61.71,2018,High,Very High,Very High,Very High
angola,10.31,15.71,65.63,51.61,86.27,59.02,2018,High,High,Very High,Very High
honduras,10.19,19.2,53.07,32.66,81.3,45.26,2018,Very High,High,High,High
burkina faso,9.82,14.48,67.79,56.48,82.47,64.43,2018,Medium,High,Very High,Very High
mali,9.61,14.01,68.58,51.38,85.27,69.09,2018,Medium,High,Very High,Very High
sudan,9.41,14.89,63.18,46.46,85.22,57.87,2018,High,High,Very High,High
togo,9.35,14.19,65.84,56.01,84.11,57.4,2018,Medium,High,Very High,Very High
burundi,8.99,12.86,69.87,62.08,88.61,58.92,2018,Medium,High,Very High,Very High
liberia,8.52,11.92,71.49,58.1,85.68,70.69,2018,Medium,High,Very High,Very High
ghana,8.43,14.53,58.04,43.74,78.79,51.57,2018,High,High,High,High
nigeria,8.34,12.56,66.43,50.27,87.46,61.56,2018,Medium,High,Very High,Very High
lesotho,8.2,13.12,62.54,50.15,80.26,57.22,2018,Medium,High,High,Very High
ecuador,8.1,17.63,45.94,26.22,73.78,37.83,2018,High,High,Medium,Medium
malawi,8.02,11.92,67.27,58.7,83.8,59.32,2018,Medium,High,Very High,Very High
guinea,7.99,11.67,68.49,51.16,88.72,65.57,2018,Low,High,Very High,Very High
belize,7.73,16.85,45.89,27.98,68.17,41.51,2018,High,High,Medium,Medium
sri lanka,7.65,16.01,47.81,24.62,76.44,42.38,2018,High,High,Medium,Medium
bhutan,7.56,15.48,48.82,25.59,72.29,48.57,2018,High,High,High,Medium
myanmar,7.49,13.3,56.29,33.74,85.23,49.9,2018,Medium,High,High,High
panama,7.28,17.26,42.21,25.24,66.03,35.36,2018,High,High,Medium,Medium
venezuela,7.03,15.27,46.06,23.87,76.88,37.43,2018,High,Medium,Medium,Medium
uganda,6.9,10.19,67.77,62.73,87.47,53.1,2018,Low,Medium,Very High,Very High
samoa,6.71,14.12,47.53,26.28,72.11,44.19,2018,Medium,Medium,Medium,Medium
peru,6.45,14.55,44.34,26.43,73.0,33.6,2018,High,Medium,Medium,Medium
malaysia,6.44,16.35,39.41,17.95,67.06,33.23,2018,High,Medium,Low,Low
turkmenistan,6.2,13.53,45.86,28.42,70.9,38.25,2018,Medium,Medium,Medium,Medium
thailand,6.12,14.22,43.04,18.91,74.81,35.39,2018,Medium,Medium,Medium,Low
pakistan,6.11,10.7,57.11,33.62,84.24,53.46,2018,Low,Medium,High,High
china,5.8,14.52,39.98,23.02,68.05,28.89,2018,High,Medium,Low,Medium
namibia,5.79,11.33,51.14,45.08,70.05,38.3,2018,Low,Medium,High,High
eritrea,5.62,7.77,72.38,67.61,89.07,60.46,2018,Very Low,Medium,Very High,Very High
nepal,5.44,9.53,57.1,36.39,84.07,50.85,2018,Very Low,Low,High,High
laos,5.3,9.3,56.94,33.97,82.07,54.77,2018,Very Low,Low,High,High
botswana,4.94,10.39,47.56,36.99,67.51,38.17,2018,Low,Low,Medium,High
bahamas,4.34,12.12,35.78,18.97,55.14,33.24,2018,Medium,Low,Low,Low
iran,4.28,9.82,43.55,19.64,76.51,34.5,2018,Low,Low,Medium,Low
kuwait,3.39,9.74,34.84,13.06,64.79,26.67,2018,Low,Low,Low,Very Low
uruguay,3.36,10.06,33.42,19.5,50.59,30.17,2018,Low,Low,Low,Low
paraguay,3.35,7.13,46.97,25.3,77.2,38.41,2018,Very Low,Low,Medium,Medium
portugal,3.13,11.08,28.21,17.15,45.91,21.57,2018,Low,Very Low,Very Low,Low
ukraine,2.9,7.63,37.98,19.0,62.71,32.24,2018,Very Low,Very Low,Low,Low
bahrain,2.73,7.24,37.65,15.57,69.61,27.76,2018,Very Low,Very Low,Low,Very Low
oman,2.69,6.62,40.67,22.66,65.14,34.21,2018,Very Low,Very Low,Low,Medium
israel,2.2,6.76,32.55,19.07,58.0,20.57,2018,Very Low,Very Low,Low,Low
barbados,1.4,4.03,34.69,20.59,51.88,31.59,2018,Very Low,Very Low,Low,Low
grenada,1.39,3.27,42.7,27.39,63.87,36.83,2018,Very Low,Very Low,Medium,Medium
malta,0.57,1.84,31.02,15.07,57.65,20.35,2018,Very Low,Very Low,Very Low,Very Low
vanuatu,36.28,63.66,56.99,34.9,81.16,54.9,2016,Very High,Very High,High,High
tonga,29.33,55.27,53.08,28.66,81.8,48.76,2016,Very High,Very High,High,Medium
philippines,26.7,52.46,50.9,31.83,80.92,39.96,2016,Very High,Very High,High,High
guatemala,19.88,36.3,54.76,35.82,81.0,47.46,2016,Very High,Very High,High,High
bangladesh,19.17,31.7,60.48,38.23,86.36,56.84,2016,Very High,Very High,High,High
solomon islands,19.14,29.98,63.83,44.01,85.56,61.9,2016,Very High,Very High,Very High,High
brunei darussalam,17.0,41.1,41.36,17.4,63.17,43.53,2016,Very High,Very High,Low,Low
costa rica,17.0,42.61,39.89,21.32,63.78,34.57,2016,Very High,Very High,Low,Low
cambodia,16.58,27.65,59.96,37.55,86.84,55.49,2016,Very High,Very High,High,High
papua new guinea,16.43,24.94,65.9,54.81,83.94,58.95,2016,Very High,Very High,Very High,Very High
el salvador,16.05,32.6,49.25,27.84,74.78,45.14,2016,Very High,Very High,Medium,Medium
timor-leste,15.69,25.73,60.98,49.93,81.39,51.61,2016,Very High,Very High,High,Very High
mauritius,15.53,37.35,41.58,18.02,61.59,45.14,2016,Very High,Very High,Low,Low
nicaragua,14.62,27.23,53.69,33.67,80.7,46.71,2016,Very High,Very High,High,High
fiji,13.15,27.71,47.47,24.18,74.69,43.55,2016,Very High,Very High,Medium,Medium
japan,12.99,45.91,28.29,17.82,38.04,29.0,2016,Very High,Very High,Very Low,Low
gambia,12.07,19.29,62.58,44.77,83.87,59.11,2016,Very High,Very High,High,High
jamaica,11.83,25.82,45.81,25.43,71.3,40.7,2016,Very High,Very High,Medium,Medium
haiti,11.68,16.26,71.85,61.81,91.24,62.49,2016,High,Very High,Very High,Very High
chile,11.65,30.95,37.66,19.67,58.61,34.7,2016,Very High,Very High,Low,Low
benin,11.39,17.06,66.76,52.23,82.0,66.06,2016,High,Very High,Very High,Very High
guyana,11.39,22.9,49.72,27.16,78.96,43.05,2016,Very High,Very High,Medium,Medium
niger,11.24,15.87,70.8,57.72,86.56,68.11,2016,High,Very High,Very High,Very High
madagascar,11.15,16.03,69.52,65.23,83.79,59.55,2016,High,Very High,Very High,Very High
dominican republic,10.96,23.14,47.36,27.55,73.16,41.38,2016,Very High,Very High,Medium,Medium
cameroon,10.91,18.19,59.95,42.07,84.97,52.8,2016,Very High,Very High,High,High
chad,10.85,14.89,72.86,61.07,91.09,66.42,2016,High,Very High,Very High,Very High
honduras,10.68,20.01,53.36,33.29,81.0,45.78,2016,Very High,Very High,High,High
senegal,10.38,17.57,59.08,45.87,80.15,51.23,2016,Very High,Very High,High,High
togo,10.36,15.56,66.62,57.36,84.42,58.08,2016,High,Very High,Very High,Very High
djibouti,10.3,16.34,63.01,37.87,83.03,68.11,2016,High,Very High,Very High,High
burundi,10.28,15.13,67.98,63.23,87.71,53.01,2016,High,High,Very High,Very High
indonesia,10.24,19.36,52.87,30.09,79.49,49.04,2016,Very High,High,High,High
sierra leone,10.21,14.65,69.69,57.06,86.46,65.55,2016,High,High,Very High,Very High
zimbabwe,10.06,14.96,67.24,57.49,88.22,56.0,2016,High,High,Very High,Very High
burkina faso,9.54,14.32,66.65,53.97,83.87,62.11,2016,High,High,Very High,Very High
albania,9.5,21.25,44.71,19.64,73.01,41.49,2016,Very High,High,Medium,Low
afghanistan,9.5,13.17,72.12,56.05,92.85,67.48,2016,Medium,High,Very High,Very High
myanmar,8.9,14.87,59.86,35.63,87.0,56.93,2016,High,High,High,High
mozambique,8.69,12.73,68.28,63.24,84.69,56.89,2016,Medium,High,Very High,Very High
uzbekistan,8.59,16.18,53.1,29.69,77.34,52.26,2016,High,High,High,High
suriname,8.44,18.12,46.6,27.54,70.44,41.83,2016,Very High,High,Medium,Medium
ghana,8.39,14.48,57.94,44.42,77.93,51.48,2016,High,High,High,High
mali,8.39,12.55,66.84,52.66,84.28,63.58,2016,Medium,High,Very High,Very High
netherlands,8.24,30.57,26.94,15.46,41.23,24.14,2016,Very High,High,Very Low,Very Low
guinea,8.2,12.03,68.21,52.2,89.73,62.7,2016,Medium,High,Very High,Very High
sudan,7.99,11.86,67.37,51.25,92.8,58.06,2016,Medium,High,Very High,Very High
nigeria,7.98,12.06,66.22,52.35,88.15,58.15,2016,Medium,High,Very High,Very High
malawi,7.98,12.34,64.66,55.23,84.06,54.68,2016,Medium,High,Very High,Very High
mauritania,7.95,12.47,63.71,44.85,86.46,59.83,2016,Medium,High,Very High,High
kyrgyzstan,7.86,16.63,47.26,26.32,75.53,39.92,2016,High,High,Medium,Medium
liberia,7.84,10.96,71.54,62.7,85.24,66.7,2016,Low,High,Very High,Very High
ecuador,7.53,16.15,46.63,27.4,73.94,38.55,2016,High,High,Medium,Medium
bhutan,7.51,14.81,50.7,29.43,73.77,48.9,2016,High,High,High,High
trinidad and tobago,7.5,17.54,42.79,19.3,67.8,41.26,2016,Very High,High,Low,Low
algeria,7.36,15.82,46.52,24.2,77.2,38.15,2016,High,High,Medium,Medium
sri lanka,7.32,14.79,49.52,24.15,78.08,46.32,2016,High,High,Medium,Medium
comoros,7.29,10.97,66.43,58.66,84.46,56.18,2016,Low,High,Very High,Very High
panama,7.26,16.45,44.15,26.32,66.53,39.61,2016,High,High,Medium,Medium
zambia,7.25,11.37,63.81,61.73,79.79,49.92,2016,Low,High,Very High,Very High
congo,7.19,11.65,61.69,50.71,86.09,48.28,2016,Medium,High,High,Very High
serbia,7.12,18.05,39.46,18.78,66.51,33.08,2016,Very High,High,Low,Low
rwanda,7.09,11.98,59.15,52.58,79.09,45.8,2016,Medium,Medium,High,Very High
ethiopia,7.04,11.12,63.33,53.94,79.97,56.09,2016,Low,Medium,Very High,Very High
central african republic,7.03,9.39,74.8,64.68,90.6,69.13,2016,Low,Medium,Very High,Very High
pakistan,6.96,11.36,61.26,35.04,86.26,62.48,2016,Low,Medium,High,High
lesotho,6.84,11.4,60.05,48.21,79.72,52.22,2016,Low,Medium,High,Very High
kenya,6.77,10.69,63.34,53.01,85.62,51.39,2016,Low,Medium,Very High,Very High
tajikistan,6.72,12.98,51.75,33.62,75.53,46.1,2016,Medium,Medium,High,High
greece,6.7,21.11,31.76,18.01,50.24,27.03,2016,Very High,Medium,Very Low,Low
india,6.64,11.94,55.6,35.79,80.22,50.78,2016,Medium,Medium,High,High
peru,6.59,14.4,45.74,27.34,73.65,36.23,2016,High,Medium,Medium,Medium
belize,6.55,13.31,49.22,27.34,73.87,46.46,2016,Medium,Medium,Medium,Medium
uganda,6.52,10.16,64.21,55.68,87.99,48.96,2016,Low,Medium,Very High,Very High
angola,6.52,10.18,64.08,50.66,86.87,54.71,2016,Low,Medium,Very High,Very High
morocco,6.45,13.25,48.7,27.16,75.98,42.97,2016,Medium,Medium,Medium,Medium
colombia,6.45,13.84,46.62,26.35,74.65,38.85,2016,Medium,Medium,Medium,Medium
turkmenistan,6.44,13.19,48.82,24.76,75.61,46.11,2016,Medium,Medium,Medium,Medium
china,6.39,14.43,44.29,22.81,69.86,40.18,2016,High,Medium,Medium,Medium
malaysia,6.39,14.6,43.76,19.02,67.52,44.73,2016,High,Medium,Medium,Low
eritrea,6.35,8.55,74.23,60.97,89.47,72.24,2016,Very Low,Medium,Very High,Very High
georgia,6.27,14.69,42.67,24.6,63.13,40.28,2016,High,Medium,Low,Medium
thailand,6.19,13.7,45.22,19.34,75.53,40.79,2016,Medium,Medium,Medium,Low
cuba,6.13,17.45,35.1,17.46,55.97,31.87,2016,High,Medium,Low,Low
bosnia and herzegovina,6.1,14.02,43.53,18.72,70.18,41.67,2016,High,Medium,Medium,Low
armenia,6.07,14.51,41.85,20.38,70.99,34.19,2016,High,Medium,Low,Low
gabon,6.04,11.95,50.57,32.41,74.23,45.08,2016,Medium,Medium,High,High
yemen,5.97,9.04,66.01,44.87,91.24,61.93,2016,Very Low,Medium,Very High,High
mexico,5.97,13.84,43.1,23.36,71.69,34.27,2016,Medium,Medium,Low,Medium
venezuela,5.93,13.15,45.06,22.7,75.54,36.95,2016,Medium,Medium,Medium,Medium
romania,5.92,15.77,37.56,19.54,59.94,33.21,2016,High,Medium,Low,Low
south africa,5.58,12.08,46.22,30.88,69.02,38.76,2016,Medium,Medium,Medium,High
azerbaijan,5.54,13.16,42.09,19.77,70.03,36.47,2016,Medium,Medium,Low,Low
tunisia,5.4,12.45,43.4,20.42,73.05,36.72,2016,Medium,Low,Medium,Low
namibia,5.37,10.41,51.6,46.63,69.97,38.19,2016,Low,Low,High,High
hungary,5.32,15.61,34.1,16.39,53.95,31.97,2016,High,Low,Very Low,Very Low
turkey,5.2,12.25,42.44,19.44,69.11,38.79,2016,Medium,Low,Low,Low
botswana,5.14,10.55,48.66,35.92,67.32,42.73,2016,Low,Low,Medium,High
nepal,5.12,9.16,55.91,38.05,81.05,48.64,2016,Very Low,Low,High,High
lebanon,5.01,11.14,44.99,23.15,70.33,41.5,2016,Low,Low,Medium,Medium
ireland,4.6,14.74,31.23,17.16,45.99,30.53,2016,High,Low,Very Low,Very Low
bolivia,4.58,8.98,51.05,35.81,79.67,37.66,2016,Very Low,Low,High,High
jordan,4.58,10.53,43.47,21.98,67.21,41.21,2016,Low,Low,Medium,Medium
new zealand,4.55,15.44,29.48,16.55,44.45,27.45,2016,High,Low,Very Low,Very Low
iraq,4.49,8.08,55.55,29.16,89.42,48.08,2016,Very Low,Low,High,Medium
equatorial guinea,4.46,8.22,54.22,33.04,84.84,44.79,2016,Very Low,Low,High,High
italy,4.42,13.85,31.88,17.43,54.66,23.56,2016,Medium,Low,Very Low,Low
bulgaria,4.22,11.66,36.22,20.72,56.51,31.44,2016,Medium,Low,Low,Low
australia,4.22,15.05,28.01,15.67,42.53,25.84,2016,High,Low,Very Low,Very Low
bahamas,4.14,10.71,38.64,18.76,52.85,44.32,2016,Low,Low,Low,Low
brazil,4.09,9.53,42.92,23.65,67.6,37.5,2016,Low,Low,Low,Medium
uruguay,4.03,11.1,36.29,20.22,50.23,38.42,2016,Low,Low,Low,Low
croatia,3.97,11.53,34.4,18.12,54.71,30.37,2016,Low,Low,Very Low,Low
united states,3.76,12.25,30.68,16.35,48.24,27.46,2016,Medium,Low,Very Low,Very Low
russia,3.58,9.38,38.15,21.53,59.12,33.81,2016,Low,Low,Low,Medium
argentina,3.56,9.55,37.29,20.67,59.0,32.2,2016,Low,Low,Low,Low
kazakhstan,3.56,9.11,39.09,17.77,62.77,36.74,2016,Very Low,Low,Low,Low
united kingdom,3.54,11.6,30.54,17.29,45.95,28.37,2016,Medium,Low,Very Low,Very Low
paraguay,3.48,7.03,49.53,26.09,78.07,44.42,2016,Very Low,Low,Medium,Medium
portugal,3.45,10.93,31.53,17.89,47.09,29.6,2016,Low,Very Low,Very Low,Low
slovenia,3.41,11.59,29.38,15.25,50.34,22.53,2016,Medium,Very Low,Very Low,Very Low
austria,3.39,13.6,24.93,14.83,35.86,24.1,2016,Medium,Very Low,Very Low,Very Low
slovakia,3.39,10.21,33.15,14.61,53.54,31.28,2016,Low,Very Low,Very Low,Very Low
czech republic,3.37,10.82,31.17,15.4,48.61,29.5,2016,Low,Very Low,Very Low,Very Low
latvia,3.31,9.26,35.8,19.85,53.3,34.27,2016,Low,Very Low,Low,Low
kuwait,3.28,9.04,36.28,11.24,62.46,35.14,2016,Very Low,Very Low,Low,Very Low
poland,3.2,9.79,32.72,16.62,52.46,29.09,2016,Low,Very Low,Very Low,Very Low
belarus,3.11,8.46,36.74,16.76,60.43,33.02,2016,Very Low,Very Low,Low,Very Low
mongolia,3.08,6.52,47.22,32.43,64.3,44.92,2016,Very Low,Very Low,Medium,High
belgium,3.07,11.66,26.28,16.25,37.57,25.04,2016,Medium,Very Low,Very Low,Very Low
spain,3.05,10.23,29.79,16.71,48.75,23.92,2016,Low,Very Low,Very Low,Very Low
canada,3.01,10.25,29.42,15.2,45.95,27.1,2016,Low,Very Low,Very Low,Very Low
ukraine,2.97,7.5,39.66,18.76,62.63,37.59,2016,Very Low,Very Low,Low,Low
germany,2.95,11.41,25.87,15.48,36.57,25.57,2016,Low,Very Low,Very Low,Very Low
lithuania,2.92,8.88,32.85,18.37,48.45,31.74,2016,Very Low,Very Low,Very Low,Low
denmark,2.89,10.87,26.57,15.44,39.41,24.86,2016,Low,Very Low,Very Low,Very Low
cyprus,2.68,7.44,35.97,14.8,58.26,34.87,2016,Very Low,Very Low,Low,Very Low
oman,2.64,6.41,41.11,15.4,63.5,44.45,2016,Very Low,Very Low,Low,Very Low
france,2.62,9.25,28.35,17.21,43.69,24.16,2016,Very Low,Very Low,Very Low,Very Low
seychelles,2.55,5.99,42.59,21.94,62.82,43.02,2016,Very Low,Very Low,Low,Medium
luxembourg,2.43,9.12,26.63,12.69,40.84,26.36,2016,Very Low,Very Low,Very Low,Very Low
switzerland,2.37,9.56,24.79,14.51,37.6,22.28,2016,Low,Very Low,Very Low,Very Low
estonia,2.36,7.23,32.7,17.66,50.46,29.99,2016,Very Low,Very Low,Very Low,Low
israel,2.3,6.41,35.88,19.62,58.68,29.34,2016,Very Low,Very Low,Low,Low
egypt,2.29,4.72,48.41,21.78,76.85,46.6,2016,Very Low,Very Low,Medium,Medium
singapore,2.27,7.82,28.99,14.24,49.44,23.28,2016,Very Low,Very Low,Very Low,Very Low
finland,2.21,8.19,26.98,16.35,39.11,25.48,2016,Very Low,Very Low,Very Low,Very Low
norway,2.19,8.58,25.55,14.21,38.48,23.96,2016,Very Low,Very Low,Very Low,Very Low
sweden,2.12,7.97,26.55,15.78,40.99,22.88,2016,Very Low,Very Low,Very Low,Very Low
united arab emirates,1.97,5.93,33.19,10.03,56.08,33.45,2016,Very Low,Very Low,Very Low,Very Low
kiribati,1.78,3.05,58.5,42.25,83.69,49.56,2016,Very Low,Very Low,High,High
bahrain,1.69,4.27,39.48,13.0,66.16,39.29,2016,Very Low,Very Low,Low,Very Low
iceland,1.52,5.67,26.84,14.96,42.69,22.87,2016,Very Low,Very Low,Very Low,Very Low
grenada,1.42,3.13,45.39,24.54,68.82,42.82,2016,Very Low,Very Low,Medium,Medium
barbados,1.32,3.46,38.26,18.2,50.29,46.29,2016,Very Low,Very Low,Low,Low
saudi arabia,1.14,2.93,38.96,14.8,65.01,37.07,2016,Very Low,Very Low,Low,Very Low
malta,0.6,1.65,36.25,15.97,59.33,33.44,2016,Very Low,Very Low,Low,Very Low
qatar,0.08,0.28,28.18,9.68,43.94,30.93,2016,Very Low,Very Low,Very Low,Very Low
